food_category,moisture_content,ph,fat_content,water_activity,respiration_rate,oxygen_sensitivity,moisture_sensitivity,light_sensitivity,storage_temp,storage_duration_days,required_shelf_life_days,budget_index,priority_encoded,best_material_code,overall_score
1,42.3,7.29,34.87,0.184,195.12,2,2,0,15.3,282,365,0.934,1,MAP-FILM,35.59
5,42.69,4.14,27.73,0.157,165.53,1,2,0,38.7,300,325,0.801,4,VACUUM-PA-PE,40.87
4,8.72,3.77,34.15,0.763,193.5,0,0,1,3.5,170,338,0.528,0,PET,28.35
7,42.16,7.16,35.01,0.378,166.45,2,0,0,25.7,244,465,0.28,0,RETORT-POUCH,28.21
10,61.51,6.53,39.04,0.508,113.75,0,0,1,16.2,287,624,0.788,2,MET-PET-PE,37.09
7,52.53,4.52,1.54,0.489,42.92,1,2,0,-2.4,202,624,0.364,1,RETORT-POUCH,39.01
1,71.63,6.32,20.32,0.824,33.39,0,0,2,15.8,203,523,0.551,0,LDPE,33.4
6,42.92,4.91,15.08,0.661,72.36,0,0,2,35.9,254,361,0.339,3,RETORT-POUCH,29.49
3,65.94,5.25,13.61,0.186,180.52,1,0,0,21.1,284,399,0.871,0,HDPE,36.99
6,41.73,6.14,29.2,0.678,16.89,1,0,1,9.8,262,482,0.193,0,RETORT-POUCH,28.11
10,83.64,5.91,17.34,0.626,4.56,2,1,2,-1.3,63,202,0.542,2,RETORT-POUCH,41.18
2,45.25,4.33,16.58,0.563,87.78,0,2,2,1.3,209,221,0.198,2,MET-PET-PE,37.07
1,61.05,6.63,38.43,0.196,183.2,0,0,1,11.7,103,226,0.827,4,LDPE,37.28
2,29.73,5.58,12.8,0.933,32.92,0,1,2,35.1,347,67,0.902,3,MET-PET-PE,39.52
1,31.85,6.86,33.08,0.433,18.89,2,0,2,5.8,189,24,0.848,0,LDPE,45.16
9,55.95,7.37,9.82,0.376,155.48,2,1,0,-4.4,66,128,0.219,1,ALU-FOIL,46.82
12,48.04,6.47,29.06,0.278,160.82,2,2,0,0.6,45,414,0.458,4,BOPP,28.56
1,61.34,7.78,14.32,0.923,4.97,1,1,0,1.3,178,546,0.97,2,MAP-FILM,36.88
2,73.37,5.34,39.24,0.116,21.83,2,2,0,18.9,340,558,0.881,3,MET-PET-PE,29.49
3,36.81,5.13,32.6,0.872,90.78,0,0,2,31.7,151,700,0.16,0,MET-PET-PE,27.2
4,75.1,4.55,7.19,0.92,33.11,0,0,0,-4.0,54,517,0.257,0,RETORT-POUCH,27.94
5,62.86,4.97,15.9,0.549,175.0,2,0,0,5.7,216,167,0.614,1,EVOH,44.53
3,36.76,5.62,5.08,0.842,10.39,2,0,2,35.6,18,175,0.822,4,MET-PET-PE,44.92
8,71.21,3.67,26.8,0.558,171.51,1,0,1,7.0,234,45,0.53,0,PP,39.83
7,36.24,4.83,16.37,0.438,137.15,0,2,2,16.6,85,562,0.582,1,RETORT-POUCH,39.4
6,73.37,5.66,31.65,0.356,146.98,0,1,2,0.9,238,695,0.186,3,RETORT-POUCH,27.79
7,84.55,3.69,47.94,0.813,118.74,2,2,2,6.4,31,527,0.186,2,RETORT-POUCH,37.06
2,53.02,5.86,23.3,0.565,152.78,2,1,1,36.9,63,617,0.205,0,RETORT-POUCH,28.04
6,40.58,6.87,33.56,0.397,179.67,2,0,0,9.1,240,229,0.233,0,RETORT-POUCH,31.0
7,37.58,6.65,27.65,0.933,156.06,1,0,2,27.3,160,617,0.207,4,RETORT-POUCH,37.24
11,15.36,5.94,34.3,0.111,90.86,2,0,1,14.9,232,9,0.927,1,GLASS,60.31
7,89.75,7.4,14.2,0.845,21.28,2,1,1,-0.9,41,497,0.126,4,RETORT-POUCH,37.74
5,71.03,3.99,45.53,0.684,7.23,0,0,1,31.1,53,703,0.864,1,MET-PET,41.56
8,83.86,6.86,34.91,0.846,8.03,0,0,1,28.5,292,400,0.866,3,PP,28.65
10,21.41,4.35,35.5,0.972,122.31,0,1,0,34.8,268,335,0.256,3,RETORT-POUCH,29.69
10,88.3,5.29,39.2,0.666,114.48,0,2,0,21.0,67,392,0.684,3,RETORT-POUCH,28.8
2,48.21,5.02,23.71,0.206,26.82,0,0,1,22.5,55,293,0.471,3,MET-PET-PE,27.05
10,55.01,4.59,1.8,0.472,94.83,0,1,1,26.6,80,399,0.687,3,RETORT-POUCH,28.76
3,51.68,5.16,31.3,0.421,102.55,2,2,2,17.7,287,535,0.82,2,MET-PET-PE,37.61
6,47.0,3.58,3.6,0.849,11.11,0,0,0,9.1,305,49,0.113,3,RETORT-POUCH,36.5
9,36.64,3.77,30.04,0.207,72.98,2,2,2,9.0,312,562,0.735,3,MET-PET,28.48
12,5.91,4.05,26.25,0.246,33.18,2,2,1,32.8,234,585,0.227,4,PET,26.93
10,11.8,6.78,21.69,0.518,30.13,0,2,0,5.5,143,141,0.541,1,RETORT-POUCH,51.36
9,12.15,4.22,42.18,0.667,129.83,1,2,0,11.5,180,543,0.405,2,ALU-FOIL,35.91
4,70.33,7.26,25.24,0.91,117.42,2,0,1,18.9,176,377,0.459,0,ALU-FOIL,27.48
8,20.09,4.69,9.58,0.122,185.49,1,0,1,-4.7,230,303,0.733,1,BOPP-PE,33.52
9,57.73,5.39,38.07,0.904,144.14,2,2,2,0.1,358,370,0.496,3,ALU-FOIL,27.87
12,87.43,7.92,14.41,0.753,150.0,0,0,0,30.0,239,703,0.987,2,BOPP,37.84
4,39.98,6.97,4.24,0.594,160.41,2,2,0,11.8,356,695,0.198,0,ALU-FOIL,26.46
9,70.77,7.33,36.97,0.813,9.79,0,1,2,-4.8,260,694,0.71,2,RETORT-POUCH,36.45
9,81.13,6.36,11.88,0.859,69.61,2,0,1,12.9,147,84,0.898,1,ALU-FOIL,55.72
8,34.06,6.59,40.37,0.989,59.27,1,0,1,39.9,31,624,0.636,3,PP,26.17
6,47.24,3.67,18.27,0.16,40.4,0,1,1,10.4,334,328,0.963,2,RETORT-POUCH,40.31
6,29.19,7.48,11.75,0.39,181.81,1,2,1,24.4,197,19,0.317,1,RETORT-POUCH,60.4
2,79.32,4.42,28.07,0.805,156.76,1,1,2,25.4,57,187,0.912,4,MET-PET-PE,42.39
6,52.78,3.51,32.65,0.95,102.55,1,0,2,-0.4,68,215,0.321,0,RETORT-POUCH,31.36
12,48.87,4.56,2.55,0.199,76.9,0,1,0,8.6,166,358,0.475,1,RETORT-POUCH,41.68
3,78.33,3.01,25.41,0.536,66.62,1,2,2,6.7,41,167,0.318,1,MET-PET-PE,42.58
11,24.4,4.65,46.52,0.143,92.15,2,0,0,1.2,249,15,0.108,4,GLASS,47.6
10,14.4,6.1,12.08,0.607,118.04,2,0,2,22.9,12,334,0.796,0,MET-PET-PE,33.29
3,83.1,5.27,30.17,0.976,72.31,2,0,2,22.0,93,217,0.473,1,MET-PET-PE,40.51
10,7.54,4.73,0.95,0.247,145.04,2,2,0,35.1,29,108,0.213,2,RETORT-POUCH,47.5
8,19.7,5.54,49.59,0.104,3.32,2,1,0,35.4,253,67,0.583,4,BOPP-PE,41.85
2,9.29,5.97,14.74,0.691,167.25,0,1,0,34.3,100,612,0.65,1,HDPE,40.52
6,62.6,6.63,28.35,0.775,196.68,1,1,0,30.8,145,262,0.467,2,RETORT-POUCH,40.15
10,38.58,6.41,7.47,0.956,35.69,0,2,2,4.5,324,250,0.76,2,RETORT-POUCH,39.9
8,48.95,6.71,36.56,0.797,113.99,0,2,2,30.9,138,367,0.284,0,BOPP-PE,23.07
5,88.23,4.89,35.97,0.89,78.93,0,1,1,13.4,9,8,0.942,3,HDPE-BOTTLE,38.1
0,37.06,4.97,6.56,0.245,136.91,0,2,0,-0.5,72,345,0.893,3,LDPE,28.57
6,20.79,5.61,23.42,0.331,9.03,1,2,1,17.3,74,645,0.327,0,RETORT-POUCH,27.45
4,79.52,7.51,49.23,0.974,190.6,0,0,0,19.9,279,310,0.861,0,PET,37.48
5,19.05,4.27,8.02,0.858,116.85,2,0,0,13.2,198,81,0.795,3,EVOH,35.21
7,15.26,7.48,5.02,0.335,169.3,0,1,1,6.0,343,641,0.866,3,RETORT-POUCH,28.67
9,50.12,4.24,12.24,0.244,188.0,2,2,1,17.1,124,330,0.583,2,ALU-FOIL,36.98
4,15.68,7.76,24.1,0.948,32.72,1,0,0,-3.6,48,278,0.925,0,PET,38.49
11,44.53,5.0,26.59,0.267,197.72,2,2,1,1.9,222,605,0.407,4,RETORT-POUCH,37.28
12,72.53,6.11,37.54,0.806,42.39,2,1,1,-4.9,125,403,0.353,4,RETORT-POUCH,38.33
5,15.97,3.76,31.61,0.45,184.37,0,2,1,24.7,167,480,0.526,2,HDPE-BOTTLE,33.21
6,20.07,6.39,42.3,0.136,89.93,2,2,2,18.9,125,548,0.372,3,RETORT-POUCH,28.14
9,67.77,5.02,28.09,0.741,101.79,2,1,1,10.4,134,508,0.496,2,RETORT-POUCH,37.16
10,61.74,6.28,33.15,0.118,65.31,0,2,2,6.1,34,666,0.216,3,RETORT-POUCH,27.85
9,29.1,6.37,45.52,0.28,108.42,2,2,1,6.5,51,225,0.388,3,ALU-FOIL,28.92
6,63.26,3.12,20.0,0.879,122.05,1,2,2,9.5,146,625,0.541,2,RETORT-POUCH,36.66
10,25.76,7.56,46.19,0.851,195.64,2,2,2,16.6,122,457,0.316,2,RETORT-POUCH,37.45
8,26.91,5.93,20.5,0.295,163.21,2,0,0,10.1,106,332,0.855,3,ALU-FOIL,30.46
9,14.83,4.95,49.93,0.271,30.79,1,1,2,39.1,282,462,0.224,0,MET-PET-PE,27.82
3,80.21,6.32,5.59,0.841,35.27,1,1,1,25.9,99,581,0.993,3,MET-PET-PE,30.19
0,13.09,6.64,48.83,0.383,92.24,1,0,1,10.9,188,237,0.849,3,MAP-FILM,26.71
12,32.33,6.74,40.07,0.537,178.61,0,2,0,1.9,152,225,0.161,2,RETORT-POUCH,40.5
2,42.09,6.87,1.74,0.681,164.63,0,0,2,32.0,1,404,0.837,2,MET-PET,40.44
5,67.71,4.29,37.62,0.549,150.05,1,0,0,4.4,144,473,0.207,3,RETORT-POUCH,28.4
4,19.9,7.12,19.93,0.981,27.44,1,1,0,34.4,65,695,0.886,4,MET-PET,42.39
8,60.77,4.45,36.74,0.604,110.18,2,2,0,-2.8,81,679,0.538,3,PP,22.84
3,69.42,7.13,28.06,0.443,54.14,1,0,1,25.4,153,616,0.101,0,MET-PET-PE,25.36
7,59.93,3.86,44.51,0.518,95.22,2,0,0,21.4,326,339,0.712,0,MULTILAYER-PE-PA,31.08
11,22.59,5.11,8.81,0.22,172.06,0,0,0,11.1,37,250,0.649,1,HDPE-BOTTLE,41.94
10,84.02,3.5,5.37,0.203,123.91,0,2,2,31.9,324,505,0.997,2,MET-PET,41.09
2,32.53,7.74,28.84,0.818,34.07,2,1,1,38.7,147,698,0.458,1,MET-PET-PE,38.15
6,32.29,3.97,5.16,0.871,117.87,0,1,1,23.5,47,277,0.94,4,RETORT-POUCH,41.83
10,43.34,5.84,23.09,0.686,110.88,0,0,0,-0.7,120,223,0.751,0,PET,36.46
11,52.83,6.78,12.87,0.836,185.5,1,1,0,37.5,79,618,0.932,1,GLASS,40.91
12,8.28,6.4,28.13,0.124,148.69,2,1,1,-4.8,2,414,0.398,3,PET,19.28
12,53.03,4.35,8.03,0.79,99.32,1,2,2,33.5,136,621,0.635,0,PET,31.17
7,13.59,7.05,24.09,0.602,196.43,1,1,0,13.8,137,94,0.815,0,VACUUM-PA-PE,41.13
0,30.82,7.37,1.2,0.563,92.74,1,0,1,12.0,104,577,0.136,3,MAP-FILM,22.29
12,23.22,3.7,9.42,0.406,19.36,2,1,2,38.8,191,179,0.687,0,LDPE,33.17
11,41.47,5.16,1.79,0.576,198.71,2,0,2,8.6,231,381,0.141,4,GLASS,32.25
9,14.99,3.3,41.74,0.239,106.98,2,1,0,15.0,305,722,0.972,0,MET-PET,35.9
10,29.31,7.82,4.71,0.872,141.57,2,2,2,37.5,69,457,0.816,0,MET-PET-PE,35.07
5,81.41,7.86,35.24,0.53,91.28,0,0,0,-1.0,198,528,0.802,0,HDPE-BOTTLE,39.35
2,57.04,3.18,7.88,0.283,195.15,0,1,2,39.0,339,30,0.144,1,MET-PET-PE,61.0
12,21.59,5.84,45.62,0.578,125.2,0,2,1,33.9,24,456,0.413,4,RETORT-POUCH,38.76
6,42.22,7.73,18.92,0.786,108.1,0,0,1,25.3,83,119,0.306,2,RETORT-POUCH,45.84
11,84.62,3.94,5.37,0.543,103.91,1,1,2,16.9,62,374,0.48,2,RETORT-POUCH,38.11
9,24.38,6.19,2.54,0.973,93.8,2,1,0,32.0,216,525,0.804,3,MET-PET,31.18
5,77.78,6.16,17.38,0.69,134.37,2,0,1,31.5,233,270,0.763,2,EVOH,35.57
6,68.34,3.66,9.93,0.658,149.45,2,0,0,38.0,79,585,0.278,0,RETORT-POUCH,28.15
4,80.04,6.8,35.41,0.256,71.54,1,0,0,8.9,193,279,0.595,0,PET,32.49
1,45.9,6.91,37.4,0.825,89.65,2,0,0,2.9,26,169,0.453,2,MAP-FILM,34.34
11,31.68,4.36,6.54,0.491,60.59,0,0,2,36.9,274,267,0.679,2,HDPE-BOTTLE,36.33
8,57.15,7.45,45.43,0.804,92.19,0,0,1,17.2,364,359,0.611,2,PP,34.45
8,14.24,4.13,39.65,0.855,198.96,2,2,0,13.1,305,547,0.646,1,BOPP-PE,31.07
5,52.35,4.48,8.49,0.274,11.59,2,1,2,25.7,126,490,0.258,0,EVOH,22.56
12,82.63,3.7,33.89,0.825,47.05,0,2,0,14.3,97,719,0.328,2,BOPP,30.48
7,37.16,7.18,10.65,0.104,114.23,2,0,0,18.4,281,532,0.18,4,RETORT-POUCH,37.57
4,36.58,3.94,9.77,0.465,95.88,2,1,1,39.2,272,121,0.463,2,MET-PET-PE,42.44
0,67.03,6.77,4.89,0.517,40.11,0,1,0,30.8,90,155,0.822,4,MAP-FILM,43.21
7,26.65,3.68,47.19,0.458,44.94,2,0,0,2.3,100,574,0.805,3,RETORT-POUCH,28.13
5,77.33,7.24,11.38,0.145,173.48,0,1,2,0.8,334,89,0.945,3,VACUUM-PA-PE,32.56
12,79.52,5.64,37.24,0.83,149.87,0,0,0,17.6,161,491,0.624,2,BOPP,36.11
10,82.62,4.23,36.83,0.703,104.62,0,2,2,27.5,287,594,0.986,4,MET-PET-PE,39.98
4,45.28,7.93,4.69,0.467,175.11,0,2,0,39.1,233,350,0.371,4,MET-PET-PE,38.4
2,56.54,6.29,41.48,0.122,44.03,2,1,1,-2.5,123,330,0.879,1,RETORT-POUCH,43.11
10,85.34,3.25,37.49,0.329,173.32,2,2,0,18.9,145,299,0.321,3,RETORT-POUCH,29.51
5,86.47,6.55,31.78,0.762,106.32,1,1,1,4.1,10,13,0.831,4,PET-BOTTLE,48.23
12,16.99,7.86,45.14,0.92,66.43,0,0,0,0.4,211,278,0.991,0,HDPE-BOTTLE,42.24
0,75.32,5.9,38.72,0.662,176.44,1,1,2,15.1,49,514,0.521,1,MAP-FILM,30.44
5,27.16,3.77,12.32,0.849,66.04,1,2,0,29.4,290,151,0.295,1,VACUUM-PA-PE,42.77
8,30.08,5.84,14.49,0.593,124.37,1,1,0,26.2,332,451,0.714,3,MET-PET,28.5
9,39.77,3.43,11.12,0.492,148.58,0,2,1,29.2,163,701,0.549,2,ALU-FOIL,35.53
9,46.8,5.64,30.1,0.756,14.37,1,1,2,17.2,338,407,0.966,2,ALU-FOIL,39.73
7,23.44,3.48,0.03,0.484,153.85,2,0,1,1.9,66,77,0.251,4,RETORT-POUCH,49.2
2,59.53,5.06,37.98,0.305,181.16,1,2,2,39.9,119,589,0.358,1,MET-PET-PE,38.55
8,54.51,7.97,49.51,0.569,127.81,2,2,0,18.8,96,488,0.373,4,PP,27.59
3,88.73,7.53,39.92,0.34,64.17,1,1,1,23.7,359,301,0.774,2,MET-PET-PE,38.5
5,15.81,3.94,42.53,0.497,45.57,2,1,0,9.2,121,82,0.69,0,HDPE-BOTTLE,38.68
8,9.67,5.91,1.09,0.855,31.08,1,1,1,-1.8,24,330,0.904,4,ALU-FOIL,41.28
7,81.83,5.75,7.5,0.28,132.0,2,1,2,17.2,66,408,0.53,1,RETORT-POUCH,40.91
9,8.91,4.76,35.57,0.116,87.84,1,1,2,31.5,82,162,0.193,3,MET-PET-PE,30.7
8,25.87,3.21,11.18,0.505,82.79,0,2,2,4.1,220,444,0.116,4,BOPP-PE,27.34
6,6.02,6.82,48.51,0.906,194.14,1,0,2,22.6,347,684,0.476,3,RETORT-POUCH,27.82
6,67.88,3.38,36.49,0.856,94.49,1,0,2,28.0,56,18,0.257,1,RETORT-POUCH,60.4
9,85.12,6.67,10.76,0.865,75.64,2,0,1,36.7,169,91,0.724,1,MET-PET-PE,54.47
7,12.51,6.37,16.99,0.163,95.06,2,0,0,33.1,55,534,0.858,2,RETORT-POUCH,38.21
10,60.32,3.58,44.25,0.535,28.33,0,1,0,7.9,347,332,0.497,0,RETORT-POUCH,29.3
7,28.77,3.16,30.72,0.433,130.27,0,0,0,15.5,190,236,0.829,1,RETORT-POUCH,45.29
11,55.45,3.11,25.76,0.407,84.26,0,2,2,-4.0,194,715,0.787,3,HDPE-BOTTLE,26.69
10,58.75,7.65,49.05,0.138,88.99,1,0,0,39.4,287,139,0.507,0,RETORT-POUCH,35.06
6,45.78,7.89,23.74,0.217,10.34,2,0,1,-0.9,118,400,0.937,2,RETORT-POUCH,39.34
12,27.0,5.52,42.98,0.499,55.9,2,0,1,38.9,354,166,0.371,0,RETORT-POUCH,33.59
5,22.02,6.4,9.07,0.701,52.7,0,0,2,16.0,143,477,0.867,1,HDPE-BOTTLE,36.03
3,81.51,4.71,1.95,0.54,24.79,0,2,0,31.3,78,661,0.646,4,HDPE,41.04
5,89.39,4.71,8.14,0.562,106.65,0,1,0,36.7,260,442,0.136,1,RETORT-POUCH,41.09
9,28.28,3.16,13.97,0.272,75.72,0,0,0,-1.0,88,441,0.282,0,ALU-FOIL,27.15
7,83.92,5.52,26.59,0.38,154.79,2,2,2,14.5,361,89,0.826,3,RETORT-POUCH,36.81
0,13.02,7.97,38.5,0.183,131.25,0,2,2,22.1,339,379,0.188,4,MAP-FILM,27.17
12,8.61,5.24,13.26,0.45,85.02,2,0,2,14.2,151,552,0.552,1,PET,27.9
6,47.73,3.76,17.6,0.604,82.68,2,0,2,30.3,94,363,0.854,4,MET-PET,43.07
12,19.45,7.09,29.21,0.334,185.92,0,1,2,-2.4,192,246,0.834,2,RETORT-POUCH,40.4
6,26.98,6.31,5.93,0.934,178.95,0,0,1,27.3,187,358,0.241,2,RETORT-POUCH,38.27
9,43.7,7.36,24.12,0.921,17.55,0,2,2,9.2,364,238,0.507,1,ALU-FOIL,41.4
4,81.36,4.27,35.26,0.16,7.75,1,0,1,-0.8,70,583,0.774,4,ALU-FOIL,38.48
6,32.21,4.84,26.86,0.364,12.13,0,0,0,3.9,50,508,0.664,1,RETORT-POUCH,39.83
3,50.38,6.86,18.94,0.623,193.24,1,2,2,-2.4,126,519,0.728,2,MET-PET-PE,36.77
10,12.89,5.81,6.33,0.769,101.54,2,2,1,22.6,167,326,0.858,3,MET-PET-PE,30.08
0,52.28,4.08,43.02,0.677,84.04,0,0,2,4.2,14,505,0.899,0,LDPE,37.83
1,29.85,7.86,35.41,0.643,61.53,0,0,2,-3.1,73,656,0.757,0,LDPE,36.3
4,45.09,5.43,21.81,0.389,104.34,1,1,2,39.8,276,603,0.446,0,MET-PET-PE,27.39
9,29.44,3.87,38.2,0.542,183.85,0,0,1,-1.4,129,214,0.987,1,ALU-FOIL,45.53
1,53.76,5.49,29.02,0.435,165.35,0,1,1,34.1,73,607,0.611,1,RETORT-POUCH,39.71
4,10.88,6.64,14.4,0.744,13.28,2,2,0,-3.9,62,648,0.868,0,MET-PET,34.33
6,41.23,6.98,24.44,0.546,197.82,0,2,0,16.5,200,72,0.699,4,RETORT-POUCH,49.2
9,40.58,4.83,26.07,0.511,65.38,0,0,0,1.7,96,588,0.642,4,HDPE-BOTTLE,39.89
5,77.05,4.19,7.53,0.108,9.45,2,2,0,28.7,253,78,0.633,0,HDPE-BOTTLE,37.68
10,5.93,5.98,49.56,0.329,37.9,0,1,1,30.7,131,505,0.903,3,MET-PET-PE,31.77
2,52.25,4.49,16.49,0.929,136.38,2,1,1,16.9,91,255,0.313,0,MET-PET-PE,27.29
1,84.17,3.62,9.9,0.781,19.39,2,2,0,26.1,25,617,0.782,3,MAP-FILM,24.11
11,54.82,4.61,34.86,0.952,117.5,1,1,2,39.9,262,364,0.282,0,GLASS,26.09
4,53.58,3.25,20.21,0.619,117.04,1,2,1,30.6,176,583,0.584,3,MET-PET,28.5
10,28.22,5.64,43.65,0.704,18.08,1,0,2,32.2,37,278,0.632,2,RETORT-POUCH,39.86
9,78.45,6.62,25.99,0.428,10.08,0,0,0,37.5,163,279,0.311,2,RETORT-POUCH,39.84
2,74.34,4.92,38.63,0.814,22.16,1,2,1,-2.7,124,705,0.895,4,MET-PET-PE,38.92
12,23.0,7.1,24.93,0.13,136.6,2,2,0,-2.6,202,437,0.943,4,PET,34.78
10,44.32,5.1,5.97,0.186,46.55,2,0,0,19.7,234,726,0.247,1,RETORT-POUCH,38.5
10,58.22,7.56,7.55,0.913,180.5,2,1,1,23.8,134,375,0.115,3,RETORT-POUCH,28.9
11,71.42,4.89,0.62,0.554,101.44,1,0,0,18.7,214,647,0.973,1,GLASS,39.32
8,29.99,5.72,24.96,0.673,190.0,0,1,0,6.8,117,187,0.128,2,BOPP-PE,34.67
7,68.47,5.58,30.2,0.452,8.25,0,1,2,-4.3,247,481,0.776,2,RETORT-POUCH,37.31
4,57.69,6.48,42.95,0.209,185.24,0,2,0,3.8,199,258,0.501,0,ALU-FOIL,28.51
2,43.34,5.01,38.38,0.895,130.51,0,0,2,-1.0,61,270,0.948,2,MET-PET-PE,40.22
5,61.73,5.28,37.67,0.128,28.83,1,0,1,10.8,150,221,0.837,4,VACUUM-PA-PE,37.52
4,28.05,5.47,9.87,0.866,164.61,2,2,2,5.3,282,426,0.614,4,ALU-FOIL,36.77
9,34.12,4.44,12.07,0.173,99.31,2,1,1,14.3,204,177,0.288,2,ALU-FOIL,39.33
4,65.91,6.8,28.74,0.868,58.21,2,2,2,24.9,73,124,0.994,4,ALU-FOIL,46.42
3,68.29,5.26,46.35,0.451,113.09,0,0,2,12.8,297,666,0.321,1,MET-PET-PE,35.85
7,81.09,3.35,28.74,0.516,122.86,1,0,1,21.2,294,166,0.525,2,RETORT-POUCH,42.63
9,34.02,7.0,42.68,0.237,116.54,0,2,0,25.2,272,125,0.56,1,ALU-FOIL,47.1
5,79.44,7.93,43.74,0.248,163.93,0,0,2,26.0,139,491,0.449,2,HDPE-BOTTLE,31.11
7,44.81,7.46,11.5,0.252,128.56,2,0,0,1.3,259,22,0.304,4,RETORT-POUCH,49.2
6,6.03,5.78,25.61,0.819,71.06,1,0,2,30.3,361,225,0.454,0,RETORT-POUCH,31.6
11,30.39,5.78,16.7,0.342,92.01,0,1,2,20.9,1,722,0.86,0,HDPE,36.87
2,35.65,6.91,10.31,0.266,99.41,0,0,2,32.7,279,79,0.894,0,MET-PET-PE,45.41
11,64.37,6.37,26.25,0.681,183.82,0,0,0,37.5,317,369,0.708,2,HDPE-BOTTLE,41.26
10,18.75,7.0,44.37,0.143,150.82,0,1,1,6.7,361,385,0.205,0,RETORT-POUCH,28.77
1,34.87,4.08,34.59,0.711,107.83,2,0,2,-1.6,233,335,0.99,3,MAP-FILM,24.54
1,58.28,4.77,33.97,0.786,199.65,1,0,1,0.4,211,203,0.396,1,MAP-FILM,36.02
10,19.09,3.22,43.66,0.717,7.99,0,1,0,21.9,67,186,0.931,2,RETORT-POUCH,43.16
8,9.59,7.78,49.04,0.758,93.04,0,2,2,5.0,248,628,0.517,2,PP,30.93
9,59.67,6.25,13.52,0.431,9.13,2,1,1,6.0,249,553,0.629,1,ALU-FOIL,37.81
7,70.24,4.88,19.01,0.484,163.01,0,2,2,24.7,24,698,0.773,2,RETORT-POUCH,36.43
12,49.65,4.59,5.21,0.469,24.77,1,1,2,-3.4,151,547,0.512,3,RETORT-POUCH,28.15
5,15.07,4.08,13.73,0.457,105.81,0,0,0,19.7,91,226,0.594,1,HDPE-BOTTLE,41.87
5,85.02,3.54,6.34,0.23,196.26,1,1,2,-1.0,9,286,0.284,4,VACUUM-PA-PE,30.79
7,37.64,7.66,7.46,0.987,75.83,1,2,0,36.5,153,287,0.734,2,MET-PET,40.33
6,62.25,5.28,7.75,0.317,170.88,0,2,2,-4.7,195,637,0.707,0,HDPE,34.62
2,63.14,5.94,18.26,0.721,118.86,0,1,2,25.0,215,574,0.389,2,RETORT-POUCH,36.85
11,5.95,7.93,11.12,0.825,33.73,0,1,0,30.9,90,16,0.888,4,HDPE-BOTTLE,57.73
1,17.58,7.57,25.89,0.399,31.41,0,0,2,30.9,283,479,0.191,4,MAP-FILM,31.31
1,51.15,4.6,14.17,0.611,36.66,1,1,0,36.9,94,682,0.838,2,MAP-FILM,37.41
8,65.87,7.38,30.68,0.348,19.9,1,0,0,-2.3,259,703,0.244,2,BOPP-PE,29.28
7,74.86,4.55,27.45,0.601,94.58,1,0,2,-0.6,288,452,0.635,4,RETORT-POUCH,37.99
3,12.18,6.87,29.5,0.199,15.9,2,0,2,29.3,272,328,0.351,3,MET-PET-PE,26.83
10,12.78,4.63,11.73,0.45,148.47,1,1,0,1.4,346,284,0.874,1,RETORT-POUCH,44.17
8,72.14,3.32,12.69,0.305,197.07,2,1,0,3.3,138,421,0.442,3,PP,22.83
8,43.03,6.75,48.77,0.51,128.51,2,0,2,-0.6,279,602,0.805,3,PP,22.98
11,57.47,3.76,10.78,0.34,119.56,1,0,2,11.8,181,52,0.469,2,GLASS,44.94
1,43.12,3.08,48.2,0.826,144.71,2,2,0,22.5,267,64,0.341,3,MAP-FILM,30.19
2,61.04,6.9,38.05,0.381,41.05,1,1,2,34.4,42,124,0.865,4,MET-PET-PE,47.39
1,9.04,3.42,19.51,0.329,33.99,2,0,2,29.2,170,212,0.708,3,MAP-FILM,23.18
9,20.87,7.69,15.09,0.327,142.23,1,1,1,2.2,236,556,0.344,3,ALU-FOIL,27.33
8,33.25,4.66,22.71,0.269,38.6,1,0,1,37.5,60,91,0.911,2,RETORT-POUCH,51.05
8,66.32,6.81,42.15,0.151,155.38,0,0,0,39.8,16,52,0.844,0,PP,49.74
0,65.5,7.29,9.19,0.101,119.71,0,0,0,9.9,268,34,0.151,0,MAP-FILM,36.92
6,88.49,7.82,7.13,0.736,120.16,1,0,0,-1.6,114,585,0.988,3,RETORT-POUCH,29.94
2,88.69,6.39,2.01,0.872,72.94,0,1,2,6.6,259,595,0.256,2,RETORT-POUCH,36.77
12,66.8,7.32,7.16,0.357,39.01,0,1,1,24.2,30,554,0.6,1,RETORT-POUCH,39.46
7,84.2,6.81,46.14,0.916,129.88,2,1,0,-2.2,57,155,0.186,0,RETORT-POUCH,33.63
2,72.21,5.95,7.32,0.766,70.96,0,0,0,7.3,256,394,0.784,4,HDPE,40.59
2,73.67,6.39,9.74,0.677,96.7,1,0,1,-0.5,51,375,0.219,0,MET-PET-PE,26.24
3,35.19,4.61,44.91,0.601,183.83,0,0,1,10.5,104,206,0.891,4,MET-PET-PE,41.77
1,52.01,4.35,24.45,0.133,160.8,0,0,1,-3.1,354,4,0.727,0,PAPERBOARD,49.84
0,33.79,4.14,9.44,0.779,190.31,0,2,1,23.9,174,504,0.734,3,LDPE,25.66
2,50.34,4.62,5.26,0.692,6.72,0,0,0,23.7,176,23,0.479,3,HDPE-BOTTLE,37.71
1,34.98,6.6,28.95,0.537,97.4,2,2,1,16.6,158,97,0.948,0,LDPE,35.92
5,89.95,6.59,2.37,0.155,5.1,1,0,2,37.2,94,387,0.655,2,PET-BOTTLE,33.83
6,67.68,3.51,4.28,0.377,2.49,1,2,2,22.2,24,147,0.466,4,RETORT-POUCH,43.77
11,23.96,7.72,13.75,0.123,48.53,0,0,1,34.7,185,589,0.569,1,GLASS,37.21
9,18.4,3.52,25.15,0.698,159.11,1,2,0,-3.5,300,384,0.135,0,ALU-FOIL,27.44
2,35.29,5.8,24.03,0.703,133.39,0,0,1,21.8,181,92,0.397,1,MET-PET-PE,49.9
4,16.48,5.21,44.64,0.132,171.03,0,1,1,-4.5,236,481,0.509,4,ALU-FOIL,36.55
0,78.63,7.61,27.84,0.28,137.05,1,2,1,7.1,105,641,0.729,0,LDPE,31.23
8,67.94,7.63,3.74,0.198,138.39,1,0,2,18.6,11,363,0.89,4,PP,34.26
5,26.4,5.53,5.04,0.686,26.8,1,0,0,5.4,188,318,0.808,3,ALU-FOIL,30.09
0,78.17,4.71,32.95,0.458,30.84,1,0,2,36.6,310,312,0.606,4,MAP-FILM,32.39
11,26.07,3.38,28.1,0.393,64.47,0,1,0,3.5,359,35,0.428,0,HDPE,44.14
1,62.72,6.78,16.41,0.831,138.38,1,0,0,39.6,123,463,0.944,3,MAP-FILM,30.52
0,72.31,5.26,39.48,0.106,57.64,2,2,1,8.6,8,353,0.97,1,MAP-FILM,32.63
6,51.95,5.05,27.63,0.485,165.34,2,2,1,14.9,163,248,0.854,3,RETORT-POUCH,30.77
7,68.73,6.38,37.31,0.286,99.67,1,0,2,22.5,255,270,0.835,0,MULTILAYER-PE-PA,33.0
9,38.32,7.27,20.7,0.608,0.13,1,2,1,17.3,277,313,0.713,4,ALU-FOIL,38.72
6,65.12,7.94,48.56,0.918,151.07,1,0,1,29.4,350,385,0.881,2,ALU-FOIL,39.21
7,48.01,5.16,5.43,0.237,167.52,1,0,0,16.3,139,3,0.735,0,MULTILAYER-PE-PA,44.37
7,55.34,3.77,15.18,0.891,108.82,2,0,0,16.2,84,308,0.998,2,RETORT-POUCH,40.87
3,78.41,5.77,17.2,0.562,58.49,2,1,2,23.0,311,313,0.74,2,MET-PET-PE,38.04
0,20.68,7.87,40.61,0.866,96.58,2,0,2,1.3,330,170,0.501,1,MAP-FILM,33.95
7,74.71,4.28,37.26,0.166,153.15,2,1,2,36.2,141,656,0.451,4,RETORT-POUCH,37.92
9,29.87,7.02,16.4,0.817,17.36,0,2,2,34.7,284,227,0.494,4,MET-PET-PE,39.7
3,47.6,4.1,46.78,0.104,28.64,0,0,0,24.5,48,292,0.654,1,HDPE,40.16
11,64.04,4.83,7.99,0.385,192.86,1,0,1,32.6,220,294,0.605,3,GLASS,28.04
2,59.63,3.95,5.32,0.959,119.77,1,1,0,32.0,245,54,0.824,1,MET-PET-PE,63.96
8,7.57,7.08,8.82,0.146,151.18,0,0,0,33.7,101,557,0.289,1,BOPP-PE,35.98
7,32.0,3.41,7.93,0.471,175.89,0,0,2,35.1,74,180,0.316,3,RETORT-POUCH,32.0
4,15.93,4.9,28.79,0.42,122.16,0,0,2,34.5,77,273,0.614,1,MET-PET-PE,42.05
11,67.72,3.86,21.29,0.533,36.89,0,0,2,22.7,20,256,0.135,1,GLASS,36.5
8,51.12,6.76,21.18,0.366,9.48,0,1,2,6.0,34,308,0.716,2,RETORT-POUCH,38.88
1,33.16,6.35,21.95,0.753,173.52,2,2,2,33.3,56,655,0.757,4,MAP-FILM,30.08
10,45.39,6.19,25.75,0.857,86.27,2,2,2,6.2,341,411,0.781,3,MET-PET-PE,29.04
2,53.75,5.9,8.36,0.968,51.0,2,2,1,4.5,331,338,0.871,0,MET-PET-PE,34.83
0,65.95,4.25,43.82,0.376,40.05,0,1,1,28.8,33,461,0.409,2,LDPE,31.38
3,83.87,3.83,49.41,0.391,17.68,0,0,2,18.1,102,163,0.696,1,MET-PET-PE,44.47
8,86.71,6.4,40.89,0.805,98.26,2,0,2,38.3,343,482,0.853,0,PP,34.87
5,49.61,7.64,48.01,0.214,69.8,1,0,0,-4.0,83,603,0.606,0,HDPE-BOTTLE,32.96
7,71.16,5.08,13.67,0.114,41.33,0,0,0,2.1,237,331,0.667,3,RETORT-POUCH,29.22
3,53.26,3.69,28.2,0.155,86.18,0,1,0,25.9,291,584,0.792,4,HDPE,40.22
1,7.64,6.61,27.25,0.341,65.57,2,1,1,22.9,196,572,0.523,2,MAP-FILM,27.26
1,63.28,3.2,39.75,0.352,136.51,1,1,1,38.2,161,649,0.759,2,MAP-FILM,33.4
6,29.08,5.12,13.88,0.426,78.19,1,0,2,14.7,87,490,0.173,3,RETORT-POUCH,28.34
10,62.45,4.72,47.46,0.388,112.76,0,1,1,11.7,11,615,0.2,1,RETORT-POUCH,39.06
7,40.05,3.01,47.65,0.118,83.72,2,2,2,15.9,364,208,0.135,4,RETORT-POUCH,41.26
1,83.96,4.27,7.12,0.69,103.17,1,2,1,9.0,310,28,0.22,2,MAP-FILM,41.42
5,73.87,6.52,26.52,0.433,133.7,2,2,1,31.9,53,115,0.527,2,EVOH,37.03
3,38.65,4.52,25.94,0.585,132.09,1,0,2,10.6,141,199,0.287,4,MET-PET-PE,37.02
3,75.44,3.69,45.5,0.573,117.22,1,0,1,6.9,196,327,0.684,1,MET-PET-PE,39.71
10,11.21,3.93,9.54,0.641,35.56,2,0,0,34.4,34,625,0.483,1,RETORT-POUCH,39.6
8,65.77,3.34,29.67,0.98,189.38,0,0,0,0.8,344,95,0.346,3,PP,28.22
4,47.33,3.79,21.6,0.228,190.77,0,1,0,-1.6,33,457,0.149,1,RETORT-POUCH,40.32
8,60.4,3.44,22.05,0.617,46.85,0,0,0,16.0,180,47,0.997,4,BOPP-PE,51.51
7,11.86,4.62,11.89,0.113,19.05,1,0,0,27.2,155,196,0.867,1,RETORT-POUCH,47.65
3,20.65,5.48,7.62,0.244,122.44,0,0,2,-3.1,196,310,0.593,2,MET-PET-PE,36.13
10,12.46,6.61,11.08,0.272,62.98,2,2,2,24.3,165,509,0.532,3,RETORT-POUCH,28.27
5,35.18,6.2,27.31,0.21,78.55,0,2,0,32.0,186,653,0.778,2,HDPE-BOTTLE,40.66
8,45.85,4.3,12.07,0.336,73.34,2,2,1,19.6,337,358,0.845,2,BOPP-PE,28.49
2,86.04,4.98,40.0,0.96,140.73,0,1,0,30.5,107,479,0.726,1,HDPE,41.41
11,38.39,6.24,20.98,0.256,5.81,1,1,1,2.0,66,680,0.433,2,GLASS,33.49
3,31.32,5.7,46.16,0.58,123.4,0,0,0,29.4,266,420,0.268,4,MET-PET-PE,34.8
2,55.24,6.11,34.34,0.906,59.01,1,1,0,35.8,118,493,0.741,0,HDPE,36.9
7,49.08,4.61,41.39,0.786,100.06,2,0,1,33.9,334,702,0.535,1,RETORT-POUCH,39.21
7,80.4,4.93,49.83,0.236,103.75,1,2,2,27.9,291,570,0.485,3,RETORT-POUCH,28.08
1,6.73,5.52,42.8,0.731,159.14,0,1,0,12.2,186,373,0.33,2,RETORT-POUCH,38.12
1,41.98,5.08,12.5,0.579,87.61,1,1,0,35.8,252,27,0.506,0,LDPE,44.89
8,28.82,7.3,19.82,0.668,49.78,0,1,1,15.7,191,645,0.736,4,PP,36.91
3,72.07,5.78,30.59,0.977,130.8,2,2,0,26.5,108,254,0.927,2,MET-PET-PE,40.29
8,16.38,3.35,24.66,0.172,144.74,1,2,0,18.4,38,679,0.896,0,PP,36.37
11,22.43,7.03,5.29,0.647,149.24,2,0,0,15.2,38,543,0.729,1,GLASS,37.36
0,14.65,5.84,9.28,0.704,14.23,2,1,0,-4.4,164,545,0.238,1,MAP-FILM,32.32
7,56.27,3.88,27.83,0.328,195.24,0,2,2,-2.0,318,407,0.446,0,RETORT-POUCH,28.6
5,60.7,6.92,41.41,0.524,101.76,2,0,2,-4.1,196,712,0.82,0,HDPE-BOTTLE,31.35
3,20.87,5.65,42.31,0.163,6.1,1,2,0,38.2,55,532,0.355,4,MET-PET-PE,37.58
12,48.5,5.11,40.78,0.806,151.39,2,1,2,33.8,250,68,0.138,1,PET,40.12
12,29.57,6.5,0.37,0.416,123.1,0,2,0,35.9,312,728,0.995,1,BOPP,40.2
2,10.55,3.37,29.49,0.821,80.59,1,1,1,26.0,31,598,0.742,2,MET-PET-PE,36.69
4,6.04,3.63,27.68,0.406,188.0,1,1,2,6.6,128,572,0.103,4,ALU-FOIL,36.27
5,71.97,7.27,19.85,0.834,110.17,1,0,0,19.8,341,235,0.767,0,HDPE-BOTTLE,37.24
2,13.65,7.7,3.38,0.522,168.05,0,0,0,18.0,336,425,0.215,4,RETORT-POUCH,38.16
8,24.92,6.65,47.48,0.782,175.44,1,2,0,-1.9,207,507,0.147,3,BOPP-PE,22.1
3,85.94,4.57,24.31,0.76,48.56,1,1,2,28.5,252,436,0.528,0,HDPE,28.5
5,41.72,4.42,5.94,0.556,33.13,1,0,2,3.8,54,529,0.124,4,VACUUM-PA-PE,29.3
10,24.13,5.36,42.1,0.915,60.65,0,2,1,4.0,117,90,0.567,3,RETORT-POUCH,36.5
0,42.32,3.9,37.83,0.24,155.66,2,2,0,7.3,131,564,0.636,2,MAP-FILM,29.51
6,79.38,3.82,18.56,0.147,148.5,0,0,2,19.1,137,685,0.102,0,RETORT-POUCH,27.34
3,20.33,6.07,11.42,0.627,75.85,0,0,0,-3.7,112,702,0.912,1,HDPE,39.66
1,53.95,5.84,41.44,0.31,59.28,0,0,0,34.5,136,493,0.199,4,MAP-FILM,35.7
8,46.6,5.77,1.01,0.85,194.73,1,1,1,10.0,139,496,0.626,0,PP,32.24
9,40.78,5.07,16.36,0.963,34.98,0,0,1,39.6,301,653,0.915,1,MET-PET,42.06
0,8.44,5.48,32.73,0.577,47.57,2,2,1,23.6,236,634,0.317,3,MAP-FILM,19.26
8,70.95,3.56,14.42,0.575,104.98,2,2,0,7.2,102,12,0.531,1,BOPP-PE,52.88
2,70.5,3.09,22.75,0.65,92.08,0,0,1,3.4,312,281,0.389,3,MET-PET-PE,27.14
10,79.58,3.61,5.71,0.367,86.24,0,2,0,-1.2,188,397,0.796,2,MET-PET-PE,37.98
5,52.42,6.62,34.07,0.309,110.15,2,0,1,16.7,267,366,0.181,2,EVOH,31.82
5,17.02,4.83,2.43,0.126,197.93,1,0,0,39.1,316,151,0.753,1,EVOH,48.62
2,63.08,3.01,33.79,0.323,149.22,2,2,0,26.7,26,472,0.318,4,MET-PET-PE,34.58
11,18.63,6.3,37.75,0.133,110.75,1,0,2,2.3,297,514,0.864,1,GLASS,35.46
3,11.72,5.45,3.77,0.703,158.12,2,2,1,29.6,299,53,0.921,2,MET-PET-PE,51.71
2,25.01,5.48,36.49,0.28,42.27,2,1,0,9.9,322,10,0.661,1,MET-PET-PE,59.82
8,60.39,6.5,16.09,0.863,43.56,0,2,2,8.7,360,54,0.52,3,PP,30.32
7,16.56,5.75,22.33,0.556,43.07,2,1,2,-0.1,105,463,0.865,3,RETORT-POUCH,29.19
6,27.53,4.36,22.36,0.39,54.25,1,0,0,26.0,72,126,0.299,0,RETORT-POUCH,35.5
1,45.27,3.19,13.65,0.985,183.68,0,0,1,33.0,1,402,0.214,4,RETORT-POUCH,39.13
8,78.96,7.41,5.37,0.611,31.14,1,2,1,-1.3,152,320,0.468,2,PP,28.01
12,79.37,4.37,7.88,0.373,6.98,0,1,0,0.0,124,299,0.17,0,PET,24.16
9,8.96,6.8,36.86,0.987,69.57,0,1,2,27.8,344,4,0.32,2,ALU-FOIL,49.25
10,39.0,6.34,20.01,0.526,104.98,2,2,1,10.4,312,641,0.221,1,RETORT-POUCH,38.91
10,41.37,3.84,17.32,0.806,49.19,1,2,1,3.7,32,620,0.631,1,RETORT-POUCH,39.03
4,42.98,5.72,13.37,0.645,14.03,0,2,0,22.2,55,565,0.385,2,ALU-FOIL,35.84
1,25.12,7.55,37.3,0.707,9.91,0,1,0,5.2,125,332,0.357,3,RETORT-POUCH,29.21
2,42.67,6.09,43.44,0.199,39.33,1,0,1,36.6,14,155,0.474,2,MET-PET-PE,40.81
5,84.23,5.51,25.19,0.921,101.46,1,0,1,20.6,24,538,0.738,1,VACUUM-PA-PE,34.75
3,5.37,5.23,0.3,0.167,86.12,0,0,1,8.9,145,476,0.925,4,MET-PET-PE,39.78
5,78.78,4.59,37.48,0.222,136.91,1,0,0,38.0,352,367,0.263,1,EVOH,40.61
5,76.63,6.79,21.84,0.286,9.21,1,2,2,13.4,175,533,0.493,2,VACUUM-PA-PE,29.09
2,62.88,5.54,47.03,0.481,3.18,0,1,1,19.9,189,262,0.347,3,MET-PET-PE,27.29
4,39.96,5.01,8.95,0.468,157.36,2,1,0,25.7,257,444,0.399,3,ALU-FOIL,27.6
11,5.91,3.61,7.8,0.882,85.0,0,1,0,8.6,27,432,0.69,0,LDPE,38.1
9,22.14,6.66,40.28,0.212,17.35,2,1,1,-4.0,283,403,0.555,1,ALU-FOIL,38.82
3,70.89,6.31,5.76,0.361,47.57,1,1,1,6.0,99,380,0.626,3,MET-PET-PE,27.31
3,23.86,6.4,19.38,0.423,29.95,1,1,0,33.7,202,94,0.198,4,MET-PET-PE,44.94
10,89.98,4.13,14.03,0.493,53.74,1,1,0,17.8,144,454,0.813,4,MET-PET-PE,38.66
8,20.29,7.39,35.51,0.609,175.89,0,1,0,0.4,106,160,0.449,2,PP,37.13
11,74.27,6.74,33.4,0.919,81.58,0,0,0,34.6,118,482,0.407,2,HDPE-BOTTLE,37.44
8,65.92,4.43,37.89,0.661,157.51,0,1,0,11.4,177,640,0.669,3,PP,29.3
5,9.53,5.98,49.19,0.573,160.13,1,2,1,26.1,313,423,0.768,1,VACUUM-PA-PE,35.65
11,24.36,4.18,42.93,0.316,72.18,2,0,0,16.9,357,417,0.312,1,RETORT-POUCH,40.8
0,32.05,3.16,31.06,0.658,14.16,0,2,1,13.5,135,44,0.287,2,MAP-FILM,41.42
3,82.41,4.12,15.54,0.243,61.44,0,1,0,36.4,333,184,0.106,0,MET-PET-PE,30.57
3,35.21,5.98,11.18,0.25,94.23,0,1,0,24.8,257,191,0.25,3,RETORT-POUCH,31.21
8,70.79,6.25,35.09,0.459,46.99,1,0,2,3.9,161,47,0.556,1,BOPP-PE,48.87
6,42.18,7.6,42.0,0.882,125.9,1,1,1,9.5,219,533,0.123,2,RETORT-POUCH,37.03
11,8.95,5.62,30.75,0.276,179.15,0,2,2,5.8,310,160,0.385,0,HDPE,28.09
5,89.91,4.15,41.53,0.242,196.05,0,1,1,0.4,90,394,0.347,4,EVOH,31.06
9,56.22,3.28,8.43,0.243,60.41,0,2,1,23.1,201,31,0.349,1,ALU-FOIL,60.1
4,34.21,5.26,25.29,0.976,44.66,1,0,0,27.3,108,614,0.623,0,PET,32.18
4,84.31,5.07,39.2,0.471,187.47,0,1,2,10.5,19,329,0.995,1,ALU-FOIL,43.13
0,59.69,7.14,43.09,0.601,58.91,0,1,2,15.3,251,626,0.359,0,LDPE,27.2
8,19.6,6.06,37.67,0.933,23.34,2,1,2,-2.6,305,297,0.66,2,PP,27.56
1,52.12,5.76,2.09,0.491,42.76,2,2,0,2.9,158,481,0.53,1,MAP-FILM,31.02
12,9.71,3.2,11.37,0.85,124.3,1,0,2,9.9,183,235,0.906,4,PET,36.72
7,28.53,6.29,4.4,0.522,43.47,0,0,0,21.5,326,225,0.372,2,RETORT-POUCH,40.5
6,15.68,5.08,32.44,0.753,73.27,2,0,0,27.2,342,612,0.853,3,ALU-FOIL,29.61
9,9.12,3.96,0.21,0.549,105.66,1,0,0,25.3,64,249,0.88,0,HDPE-BOTTLE,38.48
9,81.07,5.86,30.42,0.707,24.48,1,2,2,14.9,194,196,0.778,1,ALU-FOIL,44.4
12,19.63,3.85,22.96,0.251,3.94,0,2,0,-1.7,94,656,0.321,2,BOPP,30.55
9,39.4,5.24,18.76,0.134,58.57,0,0,1,-0.6,332,317,0.532,0,BOPP,30.74
12,5.38,3.96,11.79,0.812,183.09,1,1,2,23.2,51,531,0.197,0,PET,21.14
8,16.79,4.47,15.3,0.333,92.15,1,1,0,-0.4,206,510,0.531,4,RETORT-POUCH,37.67
5,73.34,6.76,43.79,0.636,84.58,1,0,1,21.3,94,293,0.897,0,PET-BOTTLE,35.87
3,32.87,7.35,45.85,0.536,191.27,2,2,2,12.2,19,718,0.62,3,MET-PET-PE,26.47
9,67.17,7.79,15.13,0.978,75.68,0,0,2,20.0,65,625,0.648,1,ALU-FOIL,37.5
8,78.33,6.34,38.12,0.619,198.28,0,0,0,19.9,164,54,0.753,3,BOPP-PE,35.94
2,58.74,7.99,14.73,0.264,56.35,1,0,0,23.7,5,506,0.456,1,RETORT-POUCH,39.85
1,39.59,4.64,4.32,0.664,172.76,0,0,0,22.1,335,185,0.494,4,LDPE,37.55
7,68.12,4.23,8.04,0.418,155.12,1,1,2,7.5,279,638,0.138,1,RETORT-POUCH,38.93
9,30.34,3.35,36.17,0.766,133.24,0,2,2,24.6,213,457,0.914,3,ALU-FOIL,30.45
8,40.42,4.82,40.95,0.674,15.45,0,2,2,37.8,217,173,0.806,2,PP,36.93
0,17.35,7.99,1.51,0.632,130.04,1,0,2,4.7,115,428,0.297,4,MAP-FILM,28.58
11,21.06,4.19,38.96,0.177,38.15,1,2,1,12.4,286,603,0.517,4,GLASS,33.66
8,31.54,4.63,34.39,0.136,136.36,0,0,0,19.9,150,287,0.419,3,PP,27.3
9,74.54,4.34,38.74,0.395,37.75,2,1,0,38.2,83,333,0.418,0,MET-PET-PE,28.52
12,71.76,3.03,46.62,0.675,190.13,2,2,1,11.1,179,9,0.692,2,PET,41.55
4,12.81,7.15,10.21,0.94,31.11,0,2,2,28.2,267,206,0.343,4,ALU-FOIL,38.88
5,50.68,5.23,0.29,0.611,149.5,0,2,1,3.0,129,14,0.273,3,RETORT-POUCH,36.5
8,14.41,3.53,37.0,0.149,161.95,2,0,1,-0.7,250,271,0.157,3,BOPP-PE,18.74
10,63.05,3.64,10.48,0.501,114.62,2,0,0,10.8,76,681,0.895,1,RETORT-POUCH,39.77
10,17.17,5.06,37.29,0.378,132.65,0,0,2,6.3,321,668,0.376,4,RETORT-POUCH,37.09
7,19.55,5.53,5.64,0.657,174.98,0,0,1,30.4,93,116,0.191,2,RETORT-POUCH,46.64
1,32.8,3.55,49.06,0.257,38.55,0,1,1,6.2,171,157,0.706,2,LDPE,36.03
11,31.04,3.99,47.73,0.821,68.63,2,1,0,32.8,334,275,0.368,3,GLASS,29.18
6,5.09,7.81,27.48,0.633,119.98,1,0,2,23.0,135,560,0.509,3,RETORT-POUCH,28.11
12,34.77,3.88,33.1,0.882,60.55,0,1,0,36.8,24,190,0.191,1,PET,38.46
12,26.01,6.31,7.81,0.273,175.85,0,0,1,33.8,340,619,0.215,1,PET,32.24
7,77.31,6.76,34.91,0.442,64.87,2,2,2,20.6,247,51,0.541,1,RETORT-POUCH,60.4
5,72.25,5.92,0.47,0.607,126.72,2,1,1,16.4,156,716,0.161,2,EVOH,30.32
5,51.59,5.78,2.88,0.632,85.83,2,0,2,7.9,332,675,0.664,3,VACUUM-PA-PE,22.78
1,76.03,6.03,3.44,0.494,62.35,1,1,0,22.3,161,250,0.792,3,ALU-FOIL,30.44
8,40.81,3.9,21.04,0.163,22.64,1,0,2,-2.8,111,133,0.452,2,PP,30.29
8,36.92,6.11,11.38,0.617,16.25,1,0,2,15.0,286,535,0.424,2,PP,26.93
12,82.51,7.0,6.66,0.765,83.71,0,1,0,4.4,74,724,0.331,3,LDPE,24.66
4,75.74,6.08,43.44,0.422,109.83,1,2,0,21.0,240,210,0.433,3,ALU-FOIL,29.11
6,19.73,5.92,21.03,0.114,13.97,0,2,2,19.6,136,63,0.581,0,RETORT-POUCH,39.5
2,29.74,3.62,45.03,0.86,10.74,2,0,0,29.1,273,485,0.473,2,MET-PET-PE,34.86
5,9.9,6.08,38.61,0.59,196.6,1,0,0,32.2,306,164,0.189,4,RETORT-POUCH,43.68
9,10.47,3.34,44.44,0.812,176.31,1,0,2,8.4,278,111,0.898,1,ALU-FOIL,51.37
9,18.25,7.76,30.64,0.695,182.81,0,2,1,30.4,327,224,0.712,4,MET-PET,42.56
0,86.09,7.84,48.37,0.133,76.49,2,2,0,22.4,67,165,0.544,0,LDPE,30.73
0,11.8,7.55,37.23,0.929,94.0,1,0,1,10.8,20,608,0.821,3,MAP-FILM,24.93
10,49.8,4.12,1.88,0.73,109.8,2,0,2,39.7,89,134,0.879,2,RETORT-POUCH,45.98
1,79.73,7.07,40.59,0.512,164.0,1,0,0,29.7,269,75,0.567,3,MAP-FILM,31.75
6,38.67,5.07,30.26,0.777,112.87,1,2,2,32.4,241,268,0.779,0,MULTILAYER-PE-PA,33.17
10,62.72,6.58,26.18,0.806,60.05,0,0,1,26.3,28,221,0.749,4,RETORT-POUCH,40.9
5,18.47,6.43,12.41,0.568,158.37,1,0,0,24.4,134,454,0.187,2,EVOH,35.23
11,45.24,3.99,18.85,0.396,54.15,1,1,2,37.4,187,639,0.19,1,GLASS,34.79
8,78.41,3.12,12.56,0.139,164.16,1,1,1,6.4,363,343,0.128,3,BOPP-PE,20.43
9,62.21,4.66,41.31,0.737,25.66,0,1,0,0.4,268,345,0.249,0,ALU-FOIL,27.68
7,19.99,6.56,14.05,0.377,44.7,2,2,1,-3.1,222,284,0.242,1,RETORT-POUCH,43.32
12,87.15,5.94,25.89,0.854,5.51,2,0,2,18.8,31,701,0.85,0,MET-PET,33.9
9,72.82,5.32,44.07,0.666,124.71,0,0,2,-0.3,51,404,0.345,2,ALU-FOIL,36.48
7,72.82,6.89,43.44,0.361,93.15,0,2,0,20.3,217,348,0.837,0,MULTILAYER-PE-PA,34.48
8,8.9,7.96,12.39,0.375,49.87,0,1,0,12.7,320,464,0.852,3,PP,30.47
8,17.56,7.08,1.86,0.335,11.41,1,0,1,10.6,217,175,0.512,2,RETORT-POUCH,42.21
6,59.49,5.73,3.76,0.695,61.77,0,0,1,9.0,157,707,0.317,3,RETORT-POUCH,27.77
1,57.77,7.0,19.28,0.142,107.09,2,2,0,29.0,105,265,0.244,1,MAP-FILM,33.56
11,50.83,7.14,16.83,0.694,73.24,0,0,2,16.7,183,472,0.719,0,HDPE,35.53
6,53.62,4.88,29.03,0.826,172.25,2,1,0,20.6,331,405,0.155,0,RETORT-POUCH,28.61
8,77.6,6.91,42.86,0.776,140.65,0,1,0,-2.4,239,723,0.841,0,PP,39.33
9,88.21,7.47,6.65,0.882,167.73,2,0,0,36.6,346,151,0.432,0,MET-PET-PE,31.56
3,6.75,7.97,43.83,0.912,56.91,0,1,1,-4.7,46,548,0.997,3,MET-PET-PE,30.28
6,38.38,3.48,13.31,0.547,86.37,1,2,0,-3.8,142,266,0.221,0,RETORT-POUCH,30.24
3,80.38,6.18,20.16,0.238,80.28,0,2,1,5.2,295,18,0.223,1,MET-PET-PE,58.6
0,6.09,3.91,40.54,0.566,125.17,0,0,2,3.6,19,127,0.615,0,LDPE,37.34
12,73.03,5.46,12.08,0.41,145.85,0,0,1,22.3,35,129,0.437,4,RETORT-POUCH,44.97
0,59.26,3.7,27.64,0.276,168.95,2,1,2,39.1,196,2,0.431,0,LDPE,39.19
8,37.53,4.31,47.6,0.466,152.53,0,0,2,-5.0,31,168,0.428,0,LDPE,32.01
2,10.64,4.59,12.25,0.105,106.96,0,0,1,27.6,125,215,0.396,1,MET-PET-PE,40.58
3,21.19,3.92,22.25,0.268,31.34,0,1,1,24.3,349,290,0.394,3,MET-PET-PE,27.07
10,73.4,6.6,17.92,0.352,84.5,0,1,0,-4.8,267,221,0.72,4,RETORT-POUCH,40.9
11,53.5,7.46,32.62,0.636,92.04,0,1,2,14.1,125,410,0.485,1,GLASS,34.3
2,65.08,4.8,18.58,0.483,7.34,1,2,1,3.9,361,65,0.748,3,MET-PET-PE,36.47
9,56.93,7.2,6.8,0.273,97.19,0,1,2,1.7,227,714,0.991,2,ALU-FOIL,38.95
5,52.5,3.93,7.36,0.703,79.15,0,0,2,-3.5,182,358,0.444,3,HDPE-BOTTLE,24.25
11,18.21,5.67,34.78,0.274,87.27,1,0,1,1.6,91,413,0.202,2,GLASS,34.35
2,43.44,5.17,45.4,0.536,163.7,0,0,0,13.9,114,602,0.854,3,HDPE,30.59
12,20.07,3.19,39.58,0.249,18.23,2,2,1,12.0,233,128,0.284,4,PET,27.07
4,82.58,7.6,32.54,0.199,96.44,0,2,0,-2.6,130,329,0.508,3,ALU-FOIL,28.07
2,73.09,3.19,1.4,0.511,44.26,1,0,0,27.7,28,484,0.691,1,MET-PET-PE,38.3
5,70.43,4.34,19.48,0.177,167.73,1,1,2,10.1,22,271,0.748,4,PET-BOTTLE,34.72
11,89.24,3.66,39.8,0.816,128.87,0,2,0,17.5,331,616,0.246,2,GLASS,34.96
10,63.91,7.24,17.47,0.731,31.35,2,2,0,26.1,33,8,0.578,2,RETORT-POUCH,49.5
11,56.03,4.15,18.93,0.87,21.98,1,0,2,21.1,178,191,0.325,2,GLASS,34.66
1,48.28,5.35,37.31,0.437,85.48,0,0,2,34.3,349,726,0.893,4,LDPE,37.16
5,59.22,7.77,36.35,0.54,137.76,2,2,2,14.5,104,570,0.55,1,VACUUM-PA-PE,29.49
5,48.18,5.36,17.41,0.669,104.01,0,2,0,14.5,344,172,0.598,1,HDPE-BOTTLE,42.94
5,9.39,7.87,35.19,0.353,40.89,0,2,0,15.8,321,375,0.885,3,HDPE-BOTTLE,31.64
5,19.73,7.39,13.79,0.214,195.25,0,0,1,9.3,275,145,0.641,0,HDPE-BOTTLE,37.0
5,18.22,5.78,40.68,0.243,41.54,0,1,0,27.6,289,464,0.288,4,EVOH,34.66
1,6.53,6.79,21.7,0.943,106.86,0,1,0,34.5,78,448,0.407,3,LDPE,27.51
9,71.54,3.4,1.13,0.202,79.0,1,0,1,14.9,244,231,0.925,0,MET-PET,37.41
8,48.09,4.57,42.72,0.612,98.98,2,2,2,5.2,142,14,0.721,0,PP,43.63
0,69.65,4.48,14.23,0.537,54.71,1,2,1,27.6,249,590,0.742,2,MAP-FILM,29.85
2,65.79,4.33,27.8,0.861,49.9,2,2,2,13.1,269,46,0.993,3,MET-PET-PE,39.16
7,8.86,6.95,21.18,0.32,69.53,2,1,2,28.1,42,4,0.9,4,RETORT-POUCH,50.75
0,6.75,7.96,13.05,0.692,169.83,0,2,0,14.9,240,185,0.437,2,MAP-FILM,34.61
